{"xW6MYbMX_hk": {"rc_video_duration": "10:24", "rc_video_channel": "Harmonium Guru", "rc_video_view": 376969, "timestamp": "2019-03-14T07:03:21Z", "rc_thumb": "https://i.ytimg.com/vi/xW6MYbMX_hk/hqdefault.jpg?sqp=-oaymwEiCKgBEF5IWvKriqkDFQgBFQAAAAAYASUAAMhCPQCAokN4AQ==&rs=AOn4CLAS3-SJYRDPyCTtoBGR10BADX-pIQ", "rc_video_id": "xW6MYbMX_hk"}, "9tnLXvr6cLM": {"rc_video_duration": "13:46", "rc_video_channel": "ChessBase India", "rc_video_view": 7508052, "timestamp": "2019-03-14T07:03:21Z", "rc_thumb": "https://i.ytimg.com/vi/9tnLXvr6cLM/hqdefault.jpg?sqp=-oaymwEiCKgBEF5IWvKriqkDFQgBFQAAAAAYASUAAMhCPQCAokN4AQ==&rs=AOn4CLA7xhzV3e4vIn6cTQzTvrhrzXDSLA", "rc_video_id": "9tnLXvr6cLM"}, "CLg947EaIeg": {"rc_video_duration": "21:35", "rc_video_channel": "Top Talent", "rc_video_view": 1707723, "timestamp": "2019-03-14T07:03:21Z", "rc_thumb": "https://i.ytimg.com/vi/CLg947EaIeg/hqdefault.jpg?sqp=-oaymwEiCKgBEF5IWvKriqkDFQgBFQAAAAAYASUAAMhCPQCAokN4AQ==&rs=AOn4CLDM0PjIJgSjCrEh6rXPip6DLt3q7g", "rc_video_id": "CLg947EaIeg"}, "q7yqtDGAQPM": {"rc_video_duration": "4:56", "rc_video_channel": "NAVINAGRAWAL79", "rc_video_view": 48524, "timestamp": "2019-03-14T07:03:21Z", "rc_thumb": "https://i.ytimg.com/vi/q7yqtDGAQPM/hqdefault.jpg?sqp=-oaymwEiCKgBEF5IWvKriqkDFQgBFQAAAAAYASUAAMhCPQCAokN4AQ==&rs=AOn4CLA3gBokdMpBnKOT_g7DZkuZPV00kw", "rc_video_id": "q7yqtDGAQPM"}, "xqAoloAGlCE": {"rc_video_duration": "17:54", "rc_video_channel": "5-Minute Crafts", "rc_video_view": 11977533, "timestamp": "2019-03-14T07:03:21Z", "rc_thumb": "https://i.ytimg.com/vi/xqAoloAGlCE/hqdefault.jpg?sqp=-oaymwEiCKgBEF5IWvKriqkDFQgBFQAAAAAYASUAAMhCPQCAokN4AQ==&rs=AOn4CLBpR9IEGnr49p8gAep9yeYJbfFhkg", "rc_video_id": "xqAoloAGlCE"}, "A2E7z0Nv8KM": {"rc_video_duration": "5:31", "rc_video_channel": "Narayan Meher", "rc_video_view": 64075, "timestamp": "2019-03-14T07:03:21Z", "rc_thumb": "https://i.ytimg.com/vi/A2E7z0Nv8KM/hqdefault.jpg?sqp=-oaymwEiCKgBEF5IWvKriqkDFQgBFQAAAAAYASUAAMhCPQCAokN4AQ==&rs=AOn4CLB_ZmJ0-6ZPaCOuALRHarAjTHjvFg", "rc_video_id": "A2E7z0Nv8KM"}, "_-sfoqUa0vs": {"rc_video_duration": "12:23", "rc_video_channel": "Andr\u00e9 Rieu", "rc_video_view": 10322038, "timestamp": "2019-03-14T07:03:21Z", "rc_thumb": "https://i.ytimg.com/vi/_-sfoqUa0vs/hqdefault.jpg?sqp=-oaymwEiCKgBEF5IWvKriqkDFQgBFQAAAAAYASUAAMhCPQCAokN4AQ==&rs=AOn4CLA3IS_7eT00LAmnum_yKMQbOdnfIg", "rc_video_id": "_-sfoqUa0vs"}, "Lgj_4xyUt2s": {"rc_video_duration": "2:41", "rc_video_channel": "Satish kumar Patri", "rc_video_view": 5231837, "timestamp": "2019-03-14T07:03:21Z", "rc_thumb": "https://i.ytimg.com/vi/Lgj_4xyUt2s/hqdefault.jpg?sqp=-oaymwEiCKgBEF5IWvKriqkDFQgBFQAAAAAYASUAAMhCPQCAokN4AQ==&rs=AOn4CLAES2QeV6tIQzFPpEpXb0baYHmGkA", "rc_video_id": "Lgj_4xyUt2s"}, "k-0U40fZJww": {"rc_video_duration": "6:30", "rc_video_channel": "Rahul Deb", "rc_video_view": 6095301, "timestamp": "2019-03-14T07:03:21Z", "rc_thumb": "https://i.ytimg.com/vi/k-0U40fZJww/hqdefault.jpg?sqp=-oaymwEiCKgBEF5IWvKriqkDFQgBFQAAAAAYASUAAMhCPQCAokN4AQ==&rs=AOn4CLA2lq2CB-uxD57McLkHfaNHcLvG6w", "rc_video_id": "k-0U40fZJww"}, "r9zOCQwCTFo": {"rc_video_duration": "4:23", "rc_video_channel": "Jignesh Tejani", "rc_video_view": 3154, "timestamp": "2019-03-14T07:03:21Z", "rc_thumb": "https://i.ytimg.com/vi/r9zOCQwCTFo/hqdefault.jpg?sqp=-oaymwEiCKgBEF5IWvKriqkDFQgBFQAAAAAYASUAAMhCPQCAokN4AQ==&rs=AOn4CLCSOi_WVb_jM4FTovQON_Kx_13y8Q", "rc_video_id": "r9zOCQwCTFo"}, "VQnW7_5OMxw": {"rc_video_duration": "8:52", "rc_video_channel": "Debasish Travel Video", "rc_video_view": 3676464, "timestamp": "2019-03-14T07:03:21Z", "rc_thumb": "https://i.ytimg.com/vi/VQnW7_5OMxw/hqdefault.jpg?sqp=-oaymwEiCKgBEF5IWvKriqkDFQgBFQAAAAAYASUAAMhCPQCAokN4AQ==&rs=AOn4CLDpfhlyeiJ-V47ffQlYQYvY9Ct4MA", "rc_video_id": "VQnW7_5OMxw"}, "aPb41rN4xVk": {"rc_video_duration": "3:57", "rc_video_channel": "TheNeerajjainfilms", "rc_video_view": 464040, "timestamp": "2019-03-14T07:03:21Z", "rc_thumb": "https://i.ytimg.com/vi/aPb41rN4xVk/hqdefault.jpg?sqp=-oaymwEiCKgBEF5IWvKriqkDFQgBFQAAAAAYASUAAMhCPQCAokN4AQ==&rs=AOn4CLDYvDiVtIVWRhnhPeM7vtI1lkfCjA", "rc_video_id": "aPb41rN4xVk"}, "Z0cIjfjMMvw": {"rc_video_duration": "6:56", "rc_video_channel": "BANJO TEACHER jitu", "rc_video_view": 39615, "timestamp": "2019-03-14T07:03:21Z", "rc_thumb": "https://i.ytimg.com/vi/Z0cIjfjMMvw/hqdefault.jpg?sqp=-oaymwEiCKgBEF5IWvKriqkDFQgBFQAAAAAYASUAAMhCPQCAokN4AQ==&rs=AOn4CLC2yR0YT9qSx7GMhQSW5mEgkGJioA", "rc_video_id": "Z0cIjfjMMvw"}, "7QxydBW4g2U": {"rc_video_duration": "25:35", "rc_video_channel": "Magician's Got Talent", "rc_video_view": 6757389, "timestamp": "2019-03-14T07:03:21Z", "rc_thumb": "https://i.ytimg.com/vi/7QxydBW4g2U/hqdefault.jpg?sqp=-oaymwEiCKgBEF5IWvKriqkDFQgBFQAAAAAYASUAAMhCPQCAokN4AQ==&rs=AOn4CLBNQ-rLSoFrG9-YC9lRIYMJnUYY7Q", "rc_video_id": "7QxydBW4g2U"}, "OasUtAoSW8k": {"rc_video_duration": "3:59", "rc_video_channel": "Kirtan lovers", "rc_video_view": 422576, "timestamp": "2019-03-14T07:03:21Z", "rc_thumb": "https://i.ytimg.com/vi/OasUtAoSW8k/hqdefault.jpg?sqp=-oaymwEiCKgBEF5IWvKriqkDFQgBFQAAAAAYASUAAMhCPQCAokN4AQ==&rs=AOn4CLDSZdMrx7x12whKs6XtEdSXNqU0EQ", "rc_video_id": "OasUtAoSW8k"}, "AtdQqFn5VkA": {"rc_video_duration": "10:14", "rc_video_channel": "Shiv'z Muzic Academy", "rc_video_view": 769965, "timestamp": "2019-03-14T07:03:21Z", "rc_thumb": "https://i.ytimg.com/vi/AtdQqFn5VkA/hqdefault.jpg?sqp=-oaymwEiCKgBEF5IWvKriqkDFQgBFQAAAAAYASUAAMhCPQCAokN4AQ==&rs=AOn4CLAzKe0Km34GzOl8nA9qcZ94ZWfUQA", "rc_video_id": "AtdQqFn5VkA"}, "QcrysoWBTb8": {"rc_video_duration": "19:45", "rc_video_channel": "ChessBase India", "rc_video_view": 12466202, "timestamp": "2019-03-14T07:03:21Z", "rc_thumb": "https://i.ytimg.com/vi/QcrysoWBTb8/hqdefault.jpg?sqp=-oaymwEiCKgBEF5IWvKriqkDFQgBFQAAAAAYASUAAMhCPQCAokN4AQ==&rs=AOn4CLCo7vSFYxC3hLyPHRFbvh_Xy6Gwcg", "rc_video_id": "QcrysoWBTb8"}, "ANrSxy5pf68": {"rc_video_duration": "4:58", "rc_video_channel": "gaush2011", "rc_video_view": 15590, "timestamp": "2019-03-14T07:03:21Z", "rc_thumb": "https://i.ytimg.com/vi/ANrSxy5pf68/hqdefault.jpg?sqp=-oaymwEiCKgBEF5IWvKriqkDFQgBFQAAAAAYASUAAMhCPQCAokN4AQ==&rs=AOn4CLCuh7X-qVCdcU2B1bVQ-oyQBAyzng", "rc_video_id": "ANrSxy5pf68"}, "bJ9cQwh8VUg": {"rc_video_duration": "3:22", "rc_video_channel": "Aakash Upadhyay", "rc_video_view": 11558, "timestamp": "2019-03-14T07:03:21Z", "rc_thumb": "https://i.ytimg.com/vi/bJ9cQwh8VUg/hqdefault.jpg?sqp=-oaymwEiCKgBEF5IWvKriqkDFQgBFQAAAAAYASUAAMhCPQCAokN4AQ==&rs=AOn4CLAz3L-LJMP9cciL_IrhUBHFwHhWSA", "rc_video_id": "bJ9cQwh8VUg"}, "Cs8UqX0SGK8": {"rc_video_duration": "15:04", "rc_video_channel": "Vinayak Classes", "rc_video_view": 1015180, "timestamp": "2019-03-14T07:03:21Z", "rc_thumb": "https://i.ytimg.com/vi/Cs8UqX0SGK8/hqdefault.jpg?sqp=-oaymwEiCKgBEF5IWvKriqkDFQgBFQAAAAAYASUAAMhCPQCAokN4AQ==&rs=AOn4CLAJzr_mnYRrRs5RONP0Q87KrZRQPw", "rc_video_id": "Cs8UqX0SGK8"}, "T3nCjlAt1Ew": {"rc_video_duration": "7:25", "rc_video_channel": "Pianote", "rc_video_view": 378133, "timestamp": "2019-03-14T07:24:07Z", "rc_thumb": "https://i.ytimg.com/vi/T3nCjlAt1Ew/hqdefault.jpg?sqp=-oaymwEiCKgBEF5IWvKriqkDFQgBFQAAAAAYASUAAMhCPQCAokN4AQ==&rs=AOn4CLDNiIa0HRj8p50geZzSsyp2xB86BQ", "rc_video_id": "T3nCjlAt1Ew"}, "8A7hTyGNOP8": {"rc_video_duration": "3:17", "rc_video_channel": "Viacom18 Motion Pictures", "rc_video_view": 348635, "timestamp": "2019-03-14T07:24:08Z", "rc_thumb": "https://i.ytimg.com/vi/8A7hTyGNOP8/hqdefault.jpg?sqp=-oaymwEiCKgBEF5IWvKriqkDFQgBFQAAAAAYASUAAMhCPQCAokN4AQ==&rs=AOn4CLDPJWwn9c1vECZIRAST3G84JrzUDw", "rc_video_id": "8A7hTyGNOP8"}, "tGS9998V4_0": {"rc_video_duration": "5:22", "rc_video_channel": "Harmonium Guru", "rc_video_view": 46117, "timestamp": "2019-03-14T07:24:08Z", "rc_thumb": "https://i.ytimg.com/vi/tGS9998V4_0/hqdefault.jpg?sqp=-oaymwEiCKgBEF5IWvKriqkDFQgBFQAAAAAYASUAAMhCPQCAokN4AQ==&rs=AOn4CLCkmm-QTsV7piLnRfh35BY2_zA0OQ", "rc_video_id": "tGS9998V4_0"}, "1QUyiaIrgH8": {"rc_video_duration": "6:50", "rc_video_channel": "Shiv'z Muzic Academy", "rc_video_view": "", "timestamp": "2019-03-14T07:24:08Z", "rc_thumb": "https://i.ytimg.com/vi/1QUyiaIrgH8/hqdefault.jpg?sqp=-oaymwEiCKgBEF5IWvKriqkDFQgBFQAAAAAYASUAAMhCPQCAokN4AQ==&rs=AOn4CLBs5nOXH3zv_kPUU44AEZXuJGxItQ", "rc_video_id": "1QUyiaIrgH8"}, "QGsGsUOFEnQ": {"rc_video_duration": "4:32", "rc_video_channel": "Rabee Khan", "rc_video_view": 989441, "timestamp": "2019-03-14T07:24:08Z", "rc_thumb": "https://i.ytimg.com/vi/QGsGsUOFEnQ/hqdefault.jpg?sqp=-oaymwEiCKgBEF5IWvKriqkDFQgBFQAAAAAYASUAAMhCPQCAokN4AQ==&rs=AOn4CLAmfIJ4W_NbW2nDOuaCJvi-v7m8DA", "rc_video_id": "QGsGsUOFEnQ"}, "pbRuHCMGfgU": {"rc_video_duration": "9:45", "rc_video_channel": "volumeplanet", "rc_video_view": 1328749, "timestamp": "2019-03-14T07:24:08Z", "rc_thumb": "https://i.ytimg.com/vi/pbRuHCMGfgU/hqdefault.jpg?sqp=-oaymwEiCKgBEF5IWvKriqkDFQgBFQAAAAAYASUAAMhCPQCAokN4AQ==&rs=AOn4CLAC6JOKNRGtD_0Akt6ui1ySVe9_Gw", "rc_video_id": "pbRuHCMGfgU"}, "xsskqGAVH6k": {"rc_video_duration": "7:48", "rc_video_channel": "peacefrog2702", "rc_video_view": 11023, "timestamp": "2019-03-14T07:24:08Z", "rc_thumb": "https://i.ytimg.com/vi/xsskqGAVH6k/hqdefault.jpg?sqp=-oaymwEiCKgBEF5IWvKriqkDFQgBFQAAAAAYASUAAMhCPQCAokN4AQ==&rs=AOn4CLDIIvH81qwM7B6q1d5g33QWn3pwZg", "rc_video_id": "xsskqGAVH6k"}, "KBNpNC3rnrs": {"rc_video_duration": "5:42", "rc_video_channel": "Sudath Jayasinghe", "rc_video_view": 1715946, "timestamp": "2019-03-14T07:24:08Z", "rc_thumb": "https://i.ytimg.com/vi/KBNpNC3rnrs/hqdefault.jpg?sqp=-oaymwEiCKgBEF5IWvKriqkDFQgBFQAAAAAYASUAAMhCPQCAokN4AQ==&rs=AOn4CLAvpfAkQu8bn0Gh0SycGr4GTZFmCg", "rc_video_id": "KBNpNC3rnrs"}, "0lvIR5sz67c": {"rc_video_duration": "4:37", "rc_video_channel": "Vijay Banka", "rc_video_view": 154303, "timestamp": "2019-03-14T07:24:08Z", "rc_thumb": "https://i.ytimg.com/vi/0lvIR5sz67c/hqdefault.jpg?sqp=-oaymwEiCKgBEF5IWvKriqkDFQgBFQAAAAAYASUAAMhCPQCAokN4AQ==&rs=AOn4CLAvWMGkMFy93GNoKo4gwhVsTvIgow", "rc_video_id": "0lvIR5sz67c"}, "gjnZ4Mn5O8U": {"rc_video_duration": "4:04", "rc_video_channel": "Sikho Saral", "rc_video_view": 414730, "timestamp": "2019-03-14T07:24:08Z", "rc_thumb": "https://i.ytimg.com/vi/gjnZ4Mn5O8U/hqdefault.jpg?sqp=-oaymwEiCKgBEF5IWvKriqkDFQgBFQAAAAAYASUAAMhCPQCAokN4AQ==&rs=AOn4CLCqYe5wE2NxaW1Eo3GExPyxnrOnpA", "rc_video_id": "gjnZ4Mn5O8U"}, "ggiSS1y5k_A": {"rc_video_duration": "4:36", "rc_video_channel": "gaush2011", "rc_video_view": 4227, "timestamp": "2019-03-14T07:24:08Z", "rc_thumb": "https://i.ytimg.com/vi/ggiSS1y5k_A/hqdefault.jpg?sqp=-oaymwEiCKgBEF5IWvKriqkDFQgBFQAAAAAYASUAAMhCPQCAokN4AQ==&rs=AOn4CLDN_p85oXp7Iy2jzLLpdtjuLiieMQ", "rc_video_id": "ggiSS1y5k_A"}, "ygSpIQoqTAo": {"rc_video_duration": "5:13", "rc_video_channel": "Sudath Jayasinghe", "rc_video_view": 12358161, "timestamp": "2019-03-14T07:24:08Z", "rc_thumb": "https://i.ytimg.com/vi/ygSpIQoqTAo/hqdefault.jpg?sqp=-oaymwEiCKgBEF5IWvKriqkDFQgBFQAAAAAYASUAAMhCPQCAokN4AQ==&rs=AOn4CLCKVFHziKH4OjhxXhpK3GDNsNKNbw", "rc_video_id": "ygSpIQoqTAo"}, "7z0liXYEMYs": {"rc_video_duration": "5:31", "rc_video_channel": "SANTKUMAR SAGAR", "rc_video_view": 10791, "timestamp": "2019-03-14T07:24:08Z", "rc_thumb": "https://i.ytimg.com/vi/7z0liXYEMYs/hqdefault.jpg?sqp=-oaymwEiCKgBEF5IWvKriqkDFQgBFQAAAAAYASUAAMhCPQCAokN4AQ==&rs=AOn4CLAjUZwhVPGmk3EyF63kX4NzNRSzIQ", "rc_video_id": "7z0liXYEMYs"}, "l7yLjZ8dlvs": {"rc_video_duration": "2:10", "rc_video_channel": "Viacom18 Motion Pictures", "rc_video_view": 396314, "timestamp": "2019-03-14T07:24:08Z", "rc_thumb": "https://i.ytimg.com/vi/l7yLjZ8dlvs/hqdefault.jpg?sqp=-oaymwEiCKgBEF5IWvKriqkDFQgBFQAAAAAYASUAAMhCPQCAokN4AQ==&rs=AOn4CLBiYvHevrpJ-7sAJK48mle3nrjZpg", "rc_video_id": "l7yLjZ8dlvs"}, "pc1d3POQXS0": {"rc_video_duration": "4:28", "rc_video_channel": "Priya Kumar", "rc_video_view": 421062, "timestamp": "2019-03-12T07:39:52Z", "rc_thumb": "https://i.ytimg.com/vi/pc1d3POQXS0/hqdefault.jpg?sqp=-oaymwEiCKgBEF5IWvKriqkDFQgBFQAAAAAYASUAAMhCPQCAokN4AQ==&rs=AOn4CLBSttkhkm3sLrnA0PyijJhPHh7h8Q", "rc_video_id": "pc1d3POQXS0"}, "9BoQ4SgWLh8": {"rc_video_duration": "3:37", "rc_video_channel": "Anindita Desai", "rc_video_view": 28842, "timestamp": "2019-03-12T07:39:52Z", "rc_thumb": "https://i.ytimg.com/vi/9BoQ4SgWLh8/hqdefault.jpg?sqp=-oaymwEiCKgBEF5IWvKriqkDFQgBFQAAAAAYASUAAMhCPQCAokN4AQ==&rs=AOn4CLCBfWZMWcZQrq40y3odju0DMV20bw", "rc_video_id": "9BoQ4SgWLh8"}, "0lM1GsNZUts": {"rc_video_duration": "10:20", "rc_video_channel": "Kumar Sharma", "rc_video_view": 887211, "timestamp": "2019-03-12T07:39:52Z", "rc_thumb": "https://i.ytimg.com/vi/0lM1GsNZUts/hqdefault.jpg?sqp=-oaymwEiCKgBEF5IWvKriqkDFQgBFQAAAAAYASUAAMhCPQCAokN4AQ==&rs=AOn4CLC-33ZkqBqhthh5VnUFfJ2eTwOGrA", "rc_video_id": "0lM1GsNZUts"}, "6ur6ge5fvk0": {"rc_video_duration": "8:24", "rc_video_channel": "BanjaraSchoolOfDance", "rc_video_view": 1515289, "timestamp": "2019-03-12T07:39:52Z", "rc_thumb": "https://i.ytimg.com/vi/6ur6ge5fvk0/hqdefault.jpg?sqp=-oaymwEiCKgBEF5IWvKriqkDFQgBFQAAAAAYASUAAMhCPQCAokN4AQ==&rs=AOn4CLAKMBihp_BYwS1yXOwnojRfwO71tA", "rc_video_id": "6ur6ge5fvk0"}, "mW67u_hWiSo": {"rc_video_duration": "3:52", "rc_video_channel": "Zee Music Marathi", "rc_video_view": 19978582, "timestamp": "2019-03-12T07:39:52Z", "rc_thumb": "https://i.ytimg.com/vi/mW67u_hWiSo/hqdefault.jpg?sqp=-oaymwEiCKgBEF5IWvKriqkDFQgBFQAAAAAYASUAAMhCPQCAokN4AQ==&rs=AOn4CLDZICh_fxbj2dn8h5SvFXeDdu9Tnw", "rc_video_id": "mW67u_hWiSo"}, "1kBLhRD-KoA": {"rc_video_duration": "3:33", "rc_video_channel": "R Mondal", "rc_video_view": 55820, "timestamp": "2019-03-12T07:39:52Z", "rc_thumb": "https://i.ytimg.com/vi/1kBLhRD-KoA/hqdefault.jpg?sqp=-oaymwEiCKgBEF5IWvKriqkDFQgBFQAAAAAYASUAAMhCPQCAokN4AQ==&rs=AOn4CLBqG57yPOhBG2uhQKGyY91RY2ewcg", "rc_video_id": "1kBLhRD-KoA"}, "1wURTgeOFOs": {"rc_video_duration": "2:48", "rc_video_channel": "The Late Late Show with James Corden", "rc_video_view": 7373914, "timestamp": "2019-03-12T07:39:52Z", "rc_thumb": "https://i.ytimg.com/vi/1wURTgeOFOs/hqdefault.jpg?sqp=-oaymwEiCKgBEF5IWvKriqkDFQgBFQAAAAAYASUAAMhCPQCAokN4AQ==&rs=AOn4CLCsAF4YAPGpWIZx3b0rx9HUC0Lvhg", "rc_video_id": "1wURTgeOFOs"}, "bSinxeu7vfk": {"rc_video_duration": "4:00", "rc_video_channel": "FleurEstelleClasses", "rc_video_view": 235309, "timestamp": "2019-03-12T07:39:52Z", "rc_thumb": "https://i.ytimg.com/vi/bSinxeu7vfk/hqdefault.jpg?sqp=-oaymwEiCKgBEF5IWvKriqkDFQgBFQAAAAAYASUAAMhCPQCAokN4AQ==&rs=AOn4CLCsAI3ZoUnOAYtKfOULjKwMl50vDQ", "rc_video_id": "bSinxeu7vfk"}, "JWhA3ldZcyY": {"rc_video_duration": "3:55", "rc_video_channel": "IndianRaga", "rc_video_view": 5421876, "timestamp": "2019-03-12T07:39:52Z", "rc_thumb": "https://i.ytimg.com/vi/JWhA3ldZcyY/hqdefault.jpg?sqp=-oaymwEiCKgBEF5IWvKriqkDFQgBFQAAAAAYASUAAMhCPQCAokN4AQ==&rs=AOn4CLBlUT4PGU8uPzQmpGwyI8uj6pidFw", "rc_video_id": "JWhA3ldZcyY"}, "NRxzoxLyzPQ": {"rc_video_duration": "5:57", "rc_video_channel": "\u0915\u0925\u0915 \u0936\u093f\u0915\u094d\u0937\u0923 \u0911\u0928\u0932\u093e\u0907\u0928", "rc_video_view": 130506, "timestamp": "2019-03-12T07:39:52Z", "rc_thumb": "https://i.ytimg.com/vi/NRxzoxLyzPQ/hqdefault.jpg?sqp=-oaymwEiCKgBEF5IWvKriqkDFQgBFQAAAAAYASUAAMhCPQCAokN4AQ==&rs=AOn4CLAuqlZ-xOv4rgp1zKByP8lCOQ4DOA", "rc_video_id": "NRxzoxLyzPQ"}, "bBjZFlR3qTA": {"rc_video_duration": "3:27", "rc_video_channel": "Manika Barman Mukherjee", "rc_video_view": 152621, "timestamp": "2019-03-12T07:39:52Z", "rc_thumb": "https://i.ytimg.com/vi/bBjZFlR3qTA/hqdefault.jpg?sqp=-oaymwEiCKgBEF5IWvKriqkDFQgBFQAAAAAYASUAAMhCPQCAokN4AQ==&rs=AOn4CLBf-5IGS0sX3MHesUahyIyl2-D9KA", "rc_video_id": "bBjZFlR3qTA"}, "iJEPi1eB9GA": {"rc_video_duration": "4:17", "rc_video_channel": "Anita Makwana Discover Dance UK", "rc_video_view": 4779, "timestamp": "2019-03-12T07:39:52Z", "rc_thumb": "https://i.ytimg.com/vi/iJEPi1eB9GA/hqdefault.jpg?sqp=-oaymwEiCKgBEF5IWvKriqkDFQgBFQAAAAAYASUAAMhCPQCAokN4AQ==&rs=AOn4CLDiRPTGIUYDB6PlZQHU9w3mXB5vZQ", "rc_video_id": "iJEPi1eB9GA"}, "h6lHUn20J5g": {"rc_video_duration": "5:54", "rc_video_channel": "Eros Now", "rc_video_view": 159929902, "timestamp": "2019-03-12T07:39:52Z", "rc_thumb": "https://i.ytimg.com/vi/h6lHUn20J5g/hqdefault.jpg?sqp=-oaymwEiCKgBEF5IWvKriqkDFQgBFQAAAAAYASUAAMhCPQCAokN4AQ==&rs=AOn4CLDjoElPS7OhehVCPRUvmQ4zDjU1Qg", "rc_video_id": "h6lHUn20J5g"}, "CIaOZ9efUII": {"rc_video_duration": "5:19", "rc_video_channel": "DANCE MACHI", "rc_video_view": 138290, "timestamp": "2019-03-12T07:39:52Z", "rc_thumb": "https://i.ytimg.com/vi/CIaOZ9efUII/hqdefault.jpg?sqp=-oaymwEiCKgBEF5IWvKriqkDFQgBFQAAAAAYASUAAMhCPQCAokN4AQ==&rs=AOn4CLBu9knA66z82Bi_TT8wiRiWlBqcIQ", "rc_video_id": "CIaOZ9efUII"}, "QWtvitPbAug": {"rc_video_duration": "7:57", "rc_video_channel": "Rishi Patel", "rc_video_view": 65059, "timestamp": "2019-03-12T07:39:52Z", "rc_thumb": "https://i.ytimg.com/vi/QWtvitPbAug/hqdefault.jpg?sqp=-oaymwEiCKgBEF5IWvKriqkDFQgBFQAAAAAYASUAAMhCPQCAokN4AQ==&rs=AOn4CLBFZ75BrA0JhsvzW919Ddmmm6t0Rg", "rc_video_id": "QWtvitPbAug"}, "FGJ3lUNEG0U": {"rc_video_duration": "5:34", "rc_video_channel": "MohiniDanceGroup", "rc_video_view": 1380497, "timestamp": "2019-03-12T07:39:52Z", "rc_thumb": "https://i.ytimg.com/vi/FGJ3lUNEG0U/hqdefault.jpg?sqp=-oaymwEiCKgBEF5IWvKriqkDFQgBFQAAAAAYASUAAMhCPQCAokN4AQ==&rs=AOn4CLA3I6yKexnQyYFHWW0b_gcKSUpr2A", "rc_video_id": "FGJ3lUNEG0U"}, "YeZBOUlwYts": {"rc_video_duration": "5:45", "rc_video_channel": "Priya Kumar", "rc_video_view": 150614, "timestamp": "2019-03-12T07:39:52Z", "rc_thumb": "https://i.ytimg.com/vi/YeZBOUlwYts/hqdefault.jpg?sqp=-oaymwEiCKgBEF5IWvKriqkDFQgBFQAAAAAYASUAAMhCPQCAokN4AQ==&rs=AOn4CLBzfX31JgVKiegXzvLpgSIHWBiKrQ", "rc_video_id": "YeZBOUlwYts"}, "XsbaIvsYic0": {"rc_video_duration": "3:16", "rc_video_channel": "Karishma Chavan", "rc_video_view": 158315, "timestamp": "2019-03-12T07:39:52Z", "rc_thumb": "https://i.ytimg.com/vi/XsbaIvsYic0/hqdefault.jpg?sqp=-oaymwEiCKgBEF5IWvKriqkDFQgBFQAAAAAYASUAAMhCPQCAokN4AQ==&rs=AOn4CLCMtU0JvRKMl05oyXXqcYUKKMb7FQ", "rc_video_id": "XsbaIvsYic0"}, "PVR1tA7w4-M": {"rc_video_duration": "3:36", "rc_video_channel": "ddranade", "rc_video_view": 100070, "timestamp": "2019-03-12T07:39:52Z", "rc_thumb": "https://i.ytimg.com/vi/PVR1tA7w4-M/hqdefault.jpg?sqp=-oaymwEiCKgBEF5IWvKriqkDFQgBFQAAAAAYASUAAMhCPQCAokN4AQ==&rs=AOn4CLBh3BdvThiABwtPCRMXD5Go5I2--g", "rc_video_id": "PVR1tA7w4-M"}}
